{"cameraMode":{"drawMode":0,"name":"Shaded","section":"Shading Mode"},"sceneLighting":true,"audioPlay":false,"sceneViewState":{"m_AlwaysRefresh":false,"showFog":true,"showSkybox":true,"showFlares":true,"showImageEffects":false,"showParticleSystems":true,"showVisualEffectGraphs":true,"m_FxEnabled":true},"in2DMode":false,"pivot":{"x":679.7598266601563,"y":541.0496215820313,"z":425.6905212402344},"rotation":{"x":-0.046165842562913898,"y":0.021291248500347139,"z":0.0009647869737818837,"w":0.9987487196922302},"size":800.96923828125,"orthographic":false}