{"cameraMode":{"drawMode":0,"name":"Shaded","section":"Shading Mode"},"sceneLighting":true,"audioPlay":false,"sceneViewState":{"m_AlwaysRefresh":false,"showFog":true,"showSkybox":true,"showFlares":true,"showImageEffects":false,"showParticleSystems":true,"showVisualEffectGraphs":true,"m_FxEnabled":true},"in2DMode":false,"pivot":{"x":353.44366455078127,"y":-299.8805236816406,"z":345.7175598144531},"rotation":{"x":-0.27282091975212099,"y":-0.36926567554473879,"z":0.11435575783252716,"w":-0.8809940814971924},"size":322.18829345703127,"orthographic":false}